,,,,,
Apples,Raspberries,Chicken,Yogurt,Milk,Tuna
Bananas,Salmon,Soda,Raspberries,,
Blackberries,Soda,Chicken,Carrots,,
Blueberries,Spinach,Chicken,Strawberries,,
Butter,Steak,Chicken,Raspberries,Strawberries,
Carrots,Strawberries,Chicken,Tuna,,
Celery,Tuna,Salmon,Strawberries,,
Cereal,Turkey,Steak,Apples,Soda,
Cheese,Watermelon,Carrots,Butter,Steak,
Chicken,Yogurt,Salmon,Strawberries,Ham,Turkey
Clementines,Chicken,Tuna,Ham,,
Coffee,Tuna,Salmon,Blueberries,Ham,
Grapefruit,Butter,Steak,Chicken,Raspberries,Strawberries
Ham,Chicken,Tuna,Strawberries,,
Juice,Salmon,Tuna,Chicken,Strawberries,
Milk,Butter,Steak,Chicken,Raspberries,Strawberries
Oatmeal,Butter,Steak,Chicken,Raspberries,Strawberries
Oranges,Butter,Steak,Chicken,Raspberries,Strawberries
Peaches,Butter,Steak,Chicken,Raspberries,Strawberries
Plums,Butter,Steak,Chicken,Raspberries,Strawberries